<?xml version="1.0" encoding="UTF-8"?>
<!DOCTYPE mapper PUBLIC "-//mybatis.org//DTD Mapper 3.0//EN"
"http://mybatis.org/dtd/mybatis-3-mapper.dtd">
<mapper namespace="BoardDAO">


	<insert id="insertBoard" parameterType="board">
		INSERT INTO upLoadtemp
		(b_id, b_name, b_email, b_title, b_content, b_pwd, b_date, b_count, b_ip
		<if test="b_fname != null">
		,
		b_fname, b_fsize
		</if>
		)
		VALUES (uploadtemp_bid_seq.NEXTVAL, #{b_name}, #{b_email}, #{b_title}, #{b_content},
		#{b_pwd}, sysdate, 0, #{b_ip}
		<if test="b_fname != null">
		,
		#{b_fname}, #{b_fsize}
		</if>
		)
	</insert>

	<select id="getBoardList" resultType="board">
		<![CDATA[
		SELECT * FROM uploadtemp ORDER BY b_id DESC
		]]>
	</select>
	
	<update id="updateBoard"  parameterType="board">
		<![CDATA[
		UPDATE uploadtemp SET
		b_title = #{b_title},
		b_content = #{b_content}
		WHERE b_id = #{b_id}
		]]>
	</update>
	
	<delete id="deleteBoard"  parameterType="board">
		<![CDATA[
		DELETE uploadtemp
		WHERE b_id = #{b_id}
		]]>
	</delete>
	
	<select id="getBoard"  parameterType="board" resultType="board">
		<![CDATA[
		SELECT *
		FROM uploadtemp
		WHERE b_id = #{b_id}
		]]>
	</select>
	

</mapper>